{"_id":{"$oid":"646cd66cffe367023abaca30"},"username":"13719244228","type":"1","loginTime":{"$date":{"$numberLong":"1684854380513"}},"isSuccess":false,"message":"验证码错误","_class":"com.livegoods.commons.pojo.LoginLog"}
{"_id":{"$oid":"646cd678ffe367023abaca31"},"username":"13719244228","type":"1","loginTime":{"$date":{"$numberLong":"1684854392017"}},"isSuccess":false,"message":"验证码错误","_class":"com.livegoods.commons.pojo.LoginLog"}
{"_id":{"$oid":"646cd87a364a8a277a4865fc"},"username":"13719244228","type":"1","loginTime":{"$date":{"$numberLong":"1684854906766"}},"isSuccess":false,"message":"验证码错误","_class":"com.livegoods.commons.pojo.LoginLog"}
{"_id":{"$oid":"646cd880364a8a277a4865fd"},"username":"13719244228","type":"1","loginTime":{"$date":{"$numberLong":"1684854912891"}},"isSuccess":false,"message":"验证码错误","_class":"com.livegoods.commons.pojo.LoginLog"}
{"_id":{"$oid":"646cd8c1364a8a277a4865fe"},"username":"13719244228","type":"1","loginTime":{"$date":{"$numberLong":"1684854977816"}},"isSuccess":false,"message":"验证码错误","_class":"com.livegoods.commons.pojo.LoginLog"}
{"_id":{"$oid":"646cd8c7364a8a277a4865ff"},"username":"13719244228","type":"1","loginTime":{"$date":{"$numberLong":"1684854983015"}},"isSuccess":false,"message":"验证码错误","_class":"com.livegoods.commons.pojo.LoginLog"}
{"_id":{"$oid":"646cd8da364a8a277a486600"},"username":"13719244228","type":"1","loginTime":{"$date":{"$numberLong":"1684855002893"}},"isSuccess":false,"message":"验证码错误","_class":"com.livegoods.commons.pojo.LoginLog"}
{"_id":{"$oid":"646cd9f3ccf2bd543e70371e"},"username":"13719244228","type":"1","loginTime":{"$date":{"$numberLong":"1684855283502"}},"isSuccess":false,"message":"验证码错误","_class":"com.livegoods.commons.pojo.LoginLog"}
{"_id":{"$oid":"646cda73136a983a53cd99df"},"username":"13719244228","type":"1","loginTime":{"$date":{"$numberLong":"1684855411433"}},"isSuccess":true,"message":"登录成功","_class":"com.livegoods.commons.pojo.LoginLog"}
{"_id":{"$oid":"646cdaa7136a983a53cd99e0"},"username":"13719244228","type":"1","loginTime":{"$date":{"$numberLong":"1684855463046"}},"isSuccess":false,"message":"验证码错误","_class":"com.livegoods.commons.pojo.LoginLog"}
{"_id":{"$oid":"646cdaae136a983a53cd99e1"},"username":"13719244228","type":"1","loginTime":{"$date":{"$numberLong":"1684855470839"}},"isSuccess":false,"message":"验证码错误","_class":"com.livegoods.commons.pojo.LoginLog"}
{"_id":{"$oid":"646cdabd136a983a53cd99e2"},"username":"13719244228","type":"1","loginTime":{"$date":{"$numberLong":"1684855485973"}},"isSuccess":true,"message":"登录成功","_class":"com.livegoods.commons.pojo.LoginLog"}
{"_id":{"$oid":"646cdb15136a983a53cd99e3"},"username":"13719244228","type":"1","loginTime":{"$date":{"$numberLong":"1684855573980"}},"isSuccess":true,"message":"登录成功","_class":"com.livegoods.commons.pojo.LoginLog"}
