{"_id":{"$oid":"646a414cb526141dadbe9cb6"},"itemId":"6468bbeb0334ebcb2e78a51a","username":"13719244228","comment":"112222333","star":{"$numberInt":"3"},"_class":"com.livegoods.commons.pojo.Comment"}
{"_id":{"$oid":"646a414eb526141dadbe9cb7"},"itemId":"6468bbeb0334ebcb2e78a51a","username":"13719244228","comment":"112222333","star":{"$numberInt":"3"},"_class":"com.livegoods.commons.pojo.Comment"}
{"_id":{"$oid":"646a414fb526141dadbe9cb8"},"itemId":"6468bbeb0334ebcb2e78a51a","username":"13719244228","comment":"112222333","star":{"$numberInt":"3"},"_class":"com.livegoods.commons.pojo.Comment"}
{"_id":{"$oid":"646a4150b526141dadbe9cb9"},"itemId":"6468bbeb0334ebcb2e78a51a","username":"13719244228","comment":"112222333","star":{"$numberInt":"3"},"_class":"com.livegoods.commons.pojo.Comment"}
{"_id":{"$oid":"646a4151b526141dadbe9cba"},"itemId":"6468bbeb0334ebcb2e78a51a","username":"13719244228","comment":"112222333","star":{"$numberInt":"3"},"_class":"com.livegoods.commons.pojo.Comment"}
{"_id":{"$oid":"646a4151b526141dadbe9cbb"},"itemId":"6468bbeb0334ebcb2e78a51a","username":"13719244228","comment":"112222333","star":{"$numberInt":"3"},"_class":"com.livegoods.commons.pojo.Comment"}
{"_id":{"$oid":"646a4152b526141dadbe9cbc"},"itemId":"6468bbeb0334ebcb2e78a51a","username":"13719244228","comment":"112222333","star":{"$numberInt":"3"},"_class":"com.livegoods.commons.pojo.Comment"}
