{"_id":{"$oid":"64642f4c11e82eee31278e80"},"url":"/group1/M00/00/00/wKh-HmRkKYqAdO94ABLGy4zg5nA331.png","createTime":{"$date":{"$numberLong":"1684287308256"}}}
{"_id":{"$oid":"64642f4c11e82eee31278e81"},"url":"/group1/M00/00/00/wKh-HmRkKZSAHdeaAAjIobLVxBY100.png","createTime":{"$date":{"$numberLong":"1684287308259"}}}
{"_id":{"$oid":"64642f4c11e82eee31278e82"},"url":"/group1/M00/00/00/wKh-HmRkKZ2AB31QAAro9yfjOVw191.png","createTime":{"$date":{"$numberLong":"1684287308261"}}}
{"_id":{"$oid":"64642f4c11e82eee31278e83"},"url":"/group1/M00/00/00/wKh-HmRkKaqAFvd4AAuC467ZRns688.png","createTime":{"$date":{"$numberLong":"1684287308264"}}}
{"_id":{"$oid":"64642f4c11e82eee31278e84"},"url":"/group1/M00/00/00/wKh-HmRkKbWAUiP3ABS0Lvm4RSc742.png","createTime":{"$date":{"$numberLong":"1684287308266"}}}
{"_id":{"$oid":"64642f4c11e82eee31278e85"},"url":"/group1/M00/00/00/wKh-HmRkKcCAHvxGABHVENCjbfU596.png","createTime":{"$date":{"$numberLong":"1684287308267"}}}
