{"_id":{"$oid":"646ef5798ee2057fd95b92da"},"username":"13719244228","itemId":"6468bbeb0334ebcb2e78a517","title":"北京老小区","houseType":"6/6 层 | 2 室 1 厅 - 60 ㎡ ","price":{"$numberLong":"3000"},"img":"http://192.168.126.30:8888/group1/M00/00/00/wKh-HmRokHSAOCETAAHhnl0byuU028.jpg","rentType":" 整 租 ","commentState":{"$numberInt":"0"},"_class":"com.livegoods.commons.pojo.Order"}
{"_id":{"$oid":"646eff80383cc7087f50b1c5"},"username":"13719244228","itemId":"6468bbeb0334ebcb2e78a518","title":"北京独栋别墅","houseType":"3/3 层 | 6 室 4 厅 - 310 ㎡ ","price":{"$numberLong":"30000"},"img":"http://192.168.126.30:8888/group1/M00/00/00/wKh-HmRokK6AY0HzAAJI_3pe_30643.jpg","rentType":" 整 租 ","commentState":{"$numberInt":"0"},"_class":"com.livegoods.commons.pojo.Order"}
