{"_id":{"$oid":"6468bbeb0334ebcb2e78a517"},"title":"北京老小区","sales":{"$numberInt":"300"},"recommendation":true,"recoSort":{"$numberInt":"9"},"city":"北京","price":{"$numberInt":"3000"},"rentType":" 整 租 ","houseType":"60 ㎡ ","info":{"orientation":"朝南","level":"6/6 层","style":"简单装修","type":"2 室 1 厅","years":"2000"},"imgs":["group1/M00/00/00/wKh-HmRokHSAOCETAAHhnl0byuU028.jpg","group1/M00/00/00/wKh-HmRokJeASmwLAAHi9pWaKhE469.jpg","group1/M00/00/00/wKh-HmRokKKALWU-AAKGJ3D_v1k273.jpg"],"_class":"com.bjsxt.livegoods.pojo.Item","buytime":{"$date":{"$numberLong":"1684585451654"}},"isRented":true}
{"_id":{"$oid":"6468bbeb0334ebcb2e78a518"},"title":"北京独栋别墅","sales":{"$numberInt":"10"},"recommendation":true,"recoSort":{"$numberInt":"6"},"city":"北京","price":{"$numberInt":"30000"},"rentType":" 整 租 ","houseType":"310 ㎡ ","info":{"orientation":"四面环海","level":"3/3 层","style":"豪华装修","type":"6 室 4 厅","years":"2013"},"imgs":["group1/M00/00/00/wKh-HmRokK6AY0HzAAJI_3pe_30643.jpg","group1/M00/00/00/wKh-HmRokLmAG8tWAAJ6zxOohkc878.jpg"],"_class":"com.bjsxt.livegoods.pojo.Item","buytime":{"$date":{"$numberLong":"1684585451654"}},"isRented":true}
{"_id":{"$oid":"6468bbeb0334ebcb2e78a519"},"title":"北京联排别墅","sales":{"$numberInt":"30"},"recommendation":true,"recoSort":{"$numberInt":"12"},"city":"北京","price":{"$numberInt":"21000"},"rentType":"整租","houseType":"230 ㎡","info":{"orientation":"南北通透","level":"2/2 层","style":"精装修","type":"5 室 3 厅","years":"2007"},"imgs":["group1/M00/00/00/wKh-HmRokMWADqQpAAI1pI2ohVU135.jpg","group1/M00/00/00/wKh-HmRokNSAdqYmAAHRIjaxOGM501.jpg","group1/M00/00/00/wKh-HmRokOCAFEchAAIJt8EuM8M592.jpg"],"_class":"com.bjsxt.livegoods.pojo.Item","buytime":{"$date":{"$numberLong":"1684585451654"}},"isRented":true}
{"_id":{"$oid":"6468bbeb0334ebcb2e78a51a"},"title":"北京普通公寓","sales":{"$numberInt":"100"},"recommendation":true,"recoSort":{"$numberInt":"9"},"city":"北京","price":{"$numberInt":"12000"},"rentType":"整租","houseType":"150 ㎡","info":{"orientation":"南北通透","level":"10/18 层","style":"精装修","type":"3 室 2 厅","years":"2010"},"imgs":["group1/M00/00/00/wKh-HmRokO2AF6HCAAG4U6ny2vQ395.jpg","group1/M00/00/00/wKh-HmRokPeASU0aAAEefOtgMqQ209.jpg","group1/M00/00/00/wKh-HmRokQOAczvbAAHiL9U5wu0315.jpg"],"_class":"com.bjsxt.livegoods.pojo.Item","buytime":{"$date":{"$numberLong":"1716207851654"}},"isRented":true}
